user_id,merchant_id,amount,is_fraudulent
1,101,200,0
2,102,50,1
3,103,300,0
1,104,100,0
2,101,150,1
4,105,500,0
5,106,20,0
6,107,450,1
7,108,700,1
8,109,250,0
9,110,80,0
10,111,500,1
1,102,200,0
2,103,150,1
3,104,50,0
4,105,300,0
5,106,400,1
6,107,100,1
7,108,600,0
8,109,350,1
9,110,200,0
10,111,150,1
11,101,800,0
12,102,60,0
13,103,400,1
14,104,250,0
15,105,500,0
16,106,300,1
17,107,150,1
18,108,50,0
19,109,600,0
20,110,80,1
21,111,700,0
22,101,50,1
23,102,250,0
24,103,100,0
25,104,300,1
26,105,150,1
27,106,400,0
28,107,100,0
29,108,600,1
30,109,200,1
1,110,700,0
2,111,250,1
3,101,450,0
4,102,350,1
5,103,100,1
6,104,200,0
7,105,150,1
8,106,500,0
4,107,300,0
6,101,671,1
17,102,616,0
7,105,55,1
15,105,468,0
15,104,767,1
1,108,81,1
10,102,41,1
30,111,510,1
19,105,300,0
22,109,386,1
4,104,135,0
18,111,557,1
23,104,948,1
2,101,377,0
5,107,651,0
3,107,326,1
8,107,174,0
15,107,943,1
7,111,692,0
8,105,958,1
18,110,46,0
10,109,42,1
10,105,453,1
3,108,65,1
8,110,413,0
8,110,687,1
4,103,311,0
1,111,894,0
15,103,606,1
1,110,547,0
7,110,269,1
4,110,661,1
1,106,790,0
29,105,120,1
4,107,429,1
21,107,572,0
4,106,9,0
28,101,917,1
11,102,230,1
4,104,447,0
30,105,116,0
13,107,795,1
30,109,474,0
2,104,322,1
1,103,824,1
1,106,560,0
30,105,35,1
9,101,709,1
15,104,790,1
8,103,800,0
14,107,185,1
7,111,877,0
27,102,129,1
14,104,482,1
7,111,483,1
1,102,646,0
8,110,442,1
4,111,99,1
1,108,966,0
24,104,284,1
17,103,635,0
4,103,743,1
7,103,373,1
24,111,772,1
30,105,183,1
5,110,207,1
8,104,823,0
27,105,723,1
9,108,48,1
4,103,245,0
1,103,85,1
8,104,552,1
30,103,46,1
3,102,159,1
1,102,353,1
4,102,749,1
18,102,458,1
8,103,493,1
1,105,472,0
9,107,674,0
7,104,586,1
7,111,238,0
16,106,943,1
21,111,460,0
6,109,451,1
18,101,539,1
4,109,525,0
25,103,618,0
1,107,326,1
8,107,403,1
22,107,72,0
7,103,840,1
9,106,952,0
2,106,90,0
13,101,279,0
2,103,197,0
13,107,946,0
1,104,782,0
10,107,241,0
1,110,128,1
21,109,617,1
23,105,527,0
10,105,189,1
25,105,891,1
3,101,207,1
24,105,165,1
16,103,896,0
29,101,373,0
16,102,239,1
7,101,319,1
2,108,33,0
13,102,321,0
2,102,278,0
11,110,340,1
5,103,594,1
1,104,962,0
28,111,311,1
27,108,621,1
7,101,365,1
18,106,160,1
1,105,237,0
17,111,701,0
15,110,219,1
22,107,904,1
5,109,833,0
8,104,451,0
21,108,827,0
23,102,500,0
1,107,598,0
3,102,608,1
20,104,87,1
1,101,641,0
2,107,346,1
2,109,754,0
30,111,311,0
21,103,175,0
4,104,512,0
30,102,236,1
21,104,158,1
10,109,599,1
11,101,735,1
8,110,113,0
6,106,848,0
1,107,532,0
2,104,565,1
14,101,532,0
7,110,20,1
16,102,449,1
2,110,437,1
8,102,666,0
19,107,902,1
15,102,1000,0
11,102,767,1
1,102,350,0
23,107,391,1
13,105,717,1
8,106,692,1
2,105,380,1
2,101,479,1
5,101,738,1
4,109,331,0
6,107,832,0
2,111,132,1
25,104,859,0
30,110,588,1
6,105,773,0
27,101,189,0
3,111,740,0
1,104,523,1
18,105,971,1
1,101,931,0
7,107,296,0
21,111,336,1
18,111,772,1
30,105,141,0
20,107,177,1
11,106,469,0
23,106,102,1
2,103,661,1
7,104,892,0
24,106,292,1
28,106,643,1
19,101,269,0
8,102,702,1
6,104,599,1
1,109,796,1
24,103,383,0
11,110,668,1
5,102,282,1
14,109,108,0
3,104,200,0
2,111,851,1
3,108,190,0
13,103,319,0
8,102,427,1
7,110,312,1
6,104,442,0
12,107,572,1
5,111,62,0
10,104,427,1
28,102,692,0
2,107,890,1
4,108,63,0
7,104,562,0
9,101,66,1
11,101,219,1
17,103,263,1
5,107,868,1
5,106,396,0
16,102,308,0
4,102,28,0
3,105,209,0
10,108,91,1
12,108,976,1
13,104,798,0
10,106,247,0
30,106,171,0
8,106,176,1
19,106,131,1
4,104,456,1
2,108,758,0
10,102,960,1
14,101,457,0
2,110,988,1
30,105,975,1
10,103,667,0
9,107,910,0
28,108,352,1
3,103,584,0
4,110,437,0
6,107,523,0
8,106,112,0
23,107,425,1
9,108,742,1
28,106,935,1
1,110,255,0
4,105,855,0
4,101,987,0
1,109,786,0
3,101,797,1
4,110,343,0
5,104,226,1
30,106,984,0
8,104,74,0
4,109,917,1
8,107,572,1
6,101,751,0
7,106,145,1
28,108,568,1
17,103,401,0
1,104,868,0
6,104,679,1
4,110,412,0
3,109,340,0
10,110,583,1
22,111,131,0
6,102,535,0
15,102,872,0
9,106,526,1
9,106,395,1
2,105,742,1
11,104,423,0
10,102,155,0
2,104,873,1
18,111,296,0
6,103,261,1
20,111,657,0
2,109,104,1
6,108,203,0
14,110,724,1
26,102,444,1
8,105,277,0
4,102,301,1
2,111,451,1
18,108,912,1
29,101,139,0
9,106,902,1
2,110,670,1
27,110,352,0
27,104,251,0
2,101,912,1
6,104,403,1
13,107,169,1
22,104,781,0
12,106,453,1
15,107,908,1
3,102,110,0
2,106,486,0
2,105,36,1
1,111,132,0
5,102,632,0
25,111,723,1
4,103,78,0
13,110,272,0
17,102,697,1
25,111,110,0
4,105,633,1
2,105,170,0
3,108,806,0
20,107,114,0
28,110,5,1
21,105,634,0
27,110,226,1
1,106,764,1
2,105,553,1
24,109,168,1
7,103,629,1
23,101,259,0
30,105,286,0
13,108,662,0
4,105,685,0
24,102,26,1
22,109,351,0
14,109,964,1
22,111,952,0
8,101,582,1
20,103,330,0
8,105,981,1
7,110,927,1
1,104,822,0
3,105,752,1
9,106,403,1
6,105,205,1
29,104,114,0
6,110,779,1
6,107,494,1
15,105,685,1
3,101,490,0
7,105,303,0
27,106,164,0
5,103,832,0
20,107,813,0
1,106,894,1
7,104,131,0
5,102,74,0
5,108,871,1
13,102,200,1
8,105,920,0
25,107,910,0
6,106,609,1
1,111,944,1
27,105,811,1
29,104,497,1
6,102,476,0
12,102,256,0
2,101,607,1
1,110,268,0
4,102,965,0
8,111,279,0
24,103,876,1
7,106,232,0
1,106,523,0
7,103,809,0
3,107,2,1
6,101,971,0
27,102,19,1
13,101,270,1
25,102,171,1
10,102,103,1
1,107,670,1
2,105,711,0
10,102,422,1
14,106,459,0
12,107,120,0
5,110,746,1
1,111,773,1
10,107,134,0
28,111,541,1
15,101,635,1
1,103,251,0
1,104,390,0
3,103,29,1
5,109,242,1
8,110,314,0
23,106,165,1
4,105,778,1
15,104,615,0
1,104,177,0
30,108,894,1
10,101,309,1
2,104,512,1
25,111,792,1
25,102,637,0
8,108,439,1
17,103,412,0
2,104,728,0
22,106,5,0
6,111,370,1
10,102,988,0
26,102,728,1
14,108,110,0
24,110,470,0
1,109,563,1
22,106,851,0
4,103,844,1
7,106,576,0
7,107,177,1
17,104,948,1
2,102,858,1
6,106,832,1
2,103,14,0
3,105,539,1
1,105,952,0
30,109,731,1
9,106,983,1
4,101,64,0
14,110,775,1
2,111,651,0
4,106,48,1
6,110,543,0
1,108,72,1
11,111,51,1
16,105,440,1
26,107,547,1
11,102,4,1
16,102,259,0
11,105,200,1
4,107,312,0
3,108,290,0
8,107,47,1
12,103,276,1
16,105,533,0
11,105,74,1
15,107,850,0
4,110,605,1
18,110,425,1
25,102,456,0
9,111,301,1
7,106,159,0
1,107,930,0
11,102,745,0
3,109,930,0
30,102,704,0
28,111,297,1
1,108,600,0
7,103,909,0
4,105,956,0
1,107,584,1
11,101,694,0
9,104,427,0
1,107,549,0
2,111,844,0
14,108,848,0
4,101,839,0
5,103,580,0
16,107,286,1
2,111,581,1
2,105,906,1
3,106,602,0
14,109,924,1
4,103,617,1
8,103,885,0
24,111,230,0
8,107,18,0
12,101,558,0
27,110,587,1
16,103,635,0
8,106,298,1
1,105,61,1
7,106,599,0
16,106,960,0
16,105,689,1
14,102,900,1
20,107,991,0
5,105,92,0
2,101,648,1
3,103,339,1
2,101,178,1
11,101,364,1
22,111,937,1
5,108,586,0
13,103,970,1
4,106,138,0
2,104,246,0
19,101,743,0
4,101,696,0
8,104,102,0
8,110,19,1
9,110,796,1
2,104,687,1
5,108,930,0
3,104,204,1
1,101,487,1
24,105,581,0
16,103,28,1
4,105,372,1
19,110,53,0
27,106,927,0
2,106,628,0
2,101,240,0
2,107,742,0
2,107,71,0
14,102,809,1
7,101,852,0
22,110,740,1
15,101,840,1
25,102,641,0
2,109,530,0
8,107,60,1
24,109,927,1
1,111,470,0
9,106,122,1
16,106,632,1
1,104,283,0
1,108,913,0
2,105,237,0
14,102,52,1
8,107,32,1
7,106,47,1
8,107,907,1
16,101,709,0
10,107,105,0
1,105,117,0
22,107,704,0
12,108,710,0
5,102,114,0
30,108,373,1
5,101,71,1
5,101,671,0
23,104,905,0
14,107,747,1
5,104,385,0
29,105,430,1
3,106,971,1
1,106,366,0
3,110,749,1
7,106,921,1
8,106,897,0
9,106,560,1
2,101,791,0
9,107,982,0
8,111,438,1
8,104,717,1
12,104,950,1
14,110,227,0
4,108,748,0
9,110,679,0
13,106,100,0
29,110,978,0
23,105,50,0
2,106,658,0
24,104,643,0
8,104,978,1
20,107,401,1
18,105,240,0
22,106,303,1
21,107,516,1
8,101,566,1
3,104,256,1
10,111,613,0
24,104,969,1
13,103,456,0
25,106,536,1
27,111,746,0
1,101,139,1
8,103,914,1
17,107,236,0
1,102,436,1
3,106,597,1
1,104,533,0
3,111,784,1
25,110,196,1
17,106,884,0
8,109,972,0
18,110,773,1
1,111,835,0
10,111,497,1
18,102,216,0
9,101,939,0
2,109,627,1
19,107,936,0
8,106,476,1
18,106,674,1
8,109,5,0
8,108,160,1
27,101,550,1
4,103,601,0
10,101,527,0
21,108,508,1
15,103,57,1
9,102,627,1
14,106,784,1
3,102,911,1
18,101,730,0
1,110,979,1
6,103,833,0
7,107,616,1
5,109,59,0
4,101,189,1
3,106,999,1
23,104,621,1
8,108,126,1
2,102,935,1
12,109,337,0
1,103,62,1
18,110,987,1
26,103,18,1
7,105,780,0
30,106,241,0
7,106,83,0
7,106,293,0
20,107,556,1
29,106,909,1
8,101,207,1
2,102,757,0
2,111,615,1
4,105,866,1
8,106,828,1
29,109,806,0
6,107,19,1
28,102,254,1
1,107,487,0
1,110,711,0
21,102,264,1
4,103,732,1
29,108,791,1
29,106,532,0
9,105,45,0
2,103,699,1
17,102,542,1
16,102,248,0
1,102,937,1
6,103,98,1
6,105,816,0
29,101,585,0
16,101,922,0
14,102,40,1
2,111,541,0
20,109,516,1
16,110,401,0
4,111,650,1
12,105,43,1
23,107,353,1
6,102,502,0
2,104,10,1
5,106,418,1
2,106,600,0
28,111,707,0
6,101,396,0
1,108,916,1
2,102,596,1
5,110,431,0
5,107,786,1
6,105,992,1
10,104,344,1
8,106,186,0
4,111,995,0
10,101,597,1
3,106,421,0
5,111,278,1
24,108,270,1
7,109,394,1
13,103,331,0
8,106,724,0
10,106,663,0
18,111,150,0
18,102,894,1
4,107,865,0
1,106,304,1
15,109,451,0
19,111,318,1
5,108,500,1
23,106,394,1
17,101,83,1
6,111,404,1
10,101,163,0
1,107,647,0
10,106,271,1
1,106,900,1
19,106,829,1
1,107,258,0
4,105,141,0
17,103,374,0
4,102,138,1
6,108,758,1
8,111,506,1
3,103,482,1
18,107,833,0
24,105,336,0
29,111,459,0
5,110,527,1
8,105,750,1
22,105,83,1
13,110,759,1
6,107,92,1
2,107,436,0
23,111,537,0
17,105,946,0
6,108,353,0
2,106,257,0
19,102,691,1
10,109,292,0
15,102,655,0
1,103,959,1
2,105,330,0
1,108,752,0
14,104,745,1
21,104,934,1
21,103,195,0
5,111,638,1
5,102,237,0
6,102,849,0
29,108,924,1
12,103,39,0
4,111,629,0
2,109,751,1
1,104,524,1
10,106,726,1
20,104,24,1
5,103,747,0
1,111,649,1
1,103,107,0
19,101,332,0
21,107,900,1
5,102,638,1
8,104,828,0
29,108,123,1
9,106,76,1
1,107,371,0
3,108,406,1
5,106,238,0
7,110,225,1
7,107,335,1
1,106,136,1
13,106,225,1
11,110,720,0
18,103,920,0
3,102,830,1
14,110,809,0
5,103,378,1
10,101,27,0
10,102,31,1
24,106,363,0
29,103,147,0
6,104,746,0
3,109,648,0
8,105,596,1
19,105,922,1
2,107,803,1
5,102,441,1
16,102,563,1
4,111,65,0
10,106,561,1
23,108,698,0
10,108,75,1
8,108,51,1
12,102,14,0
9,108,208,1
7,111,286,0
29,108,171,1
5,107,749,0
2,109,574,0
13,107,356,0
3,108,73,1
25,105,816,1
18,102,429,0
2,109,884,1
10,104,916,0
6,104,850,1
1,111,84,1
12,111,3,1
8,101,230,1
8,105,926,1
8,105,532,1
22,103,488,0
19,102,381,0
7,102,937,0
11,110,642,0
4,102,636,1
23,111,707,0
6,111,978,1
11,109,392,0
7,101,674,0
22,107,791,0
6,105,603,0
1,110,91,0
4,103,314,1
2,101,410,1
29,110,937,0
13,105,447,1
2,108,759,1
20,102,274,1
1,103,488,1
14,106,424,0
2,108,324,0
9,104,743,0
10,111,4,0
18,107,471,1
6,104,236,1
26,105,963,0
7,103,427,1
6,102,283,0
4,106,361,1
1,102,374,0
24,110,198,0
21,102,554,1
2,110,612,0
7,103,871,1
9,105,828,1
4,102,303,1
2,106,742,0
6,102,179,0
29,102,612,1
10,104,510,0
8,101,669,1
12,108,780,0
27,102,590,1
23,106,682,0
2,109,382,0
4,101,442,1
5,102,4,0
6,101,638,1
7,101,637,1
8,107,801,0
15,108,818,1
24,104,194,0
20,106,561,1
4,110,176,0
5,105,475,1
22,110,291,1
4,103,792,1
16,107,378,0
24,106,601,0
10,105,56,1
19,102,143,1
25,109,13,0
4,108,609,1
8,101,705,1
5,106,95,1
7,101,210,1
22,101,505,0
17,104,882,1
20,109,514,0
2,105,777,0
1,103,372,1
22,105,330,1
2,101,505,1
1,106,177,0
8,103,271,1
29,111,9,1
28,102,49,1
25,105,68,0
24,101,150,0
7,106,574,0
25,102,463,0
3,109,584,1
13,109,545,1
1,106,209,0
8,103,607,1
10,106,897,0
26,105,675,0
10,107,458,0
18,103,778,0
26,105,734,0
4,111,280,0
17,103,284,0
8,103,533,1
26,106,231,1
4,108,563,0
7,107,905,0
5,102,722,0
7,102,45,0
30,111,208,1
9,104,388,1
29,107,263,0
28,108,489,0
4,101,930,0
7,111,818,0
21,106,141,1
1,101,532,0
5,106,23,0
1,105,803,0
10,107,586,0
20,110,92,0
13,103,627,0
23,102,616,1
2,111,603,0
5,102,995,0
11,106,688,0
7,102,62,1
21,108,732,0
8,105,30,1
5,107,275,1
22,103,377,0
2,107,469,1
10,103,179,1
8,101,367,1
28,110,633,0
1,110,515,0
12,111,799,0
24,105,933,0
2,109,450,1
10,111,669,1
1,107,158,1
2,103,60,1
10,102,489,0
9,111,649,1
4,105,100,0
6,109,510,0
1,108,781,0
24,104,398,0
8,110,372,0
24,104,184,0
23,104,739,1
23,103,297,0
10,105,670,1
17,111,3,0
28,111,78,0
12,108,408,1
15,101,963,1
5,104,13,0
4,102,939,1
2,104,789,0
9,108,529,0
3,107,193,0
5,101,221,0
3,106,186,0
28,106,818,0
13,108,495,1
6,107,441,0
8,101,387,1
10,105,667,0
1,111,186,0
15,108,4,0
8,107,432,1
6,105,572,1
26,110,751,0
14,101,701,1
14,105,239,1
4,107,528,0
10,104,280,0
7,108,408,0
10,109,309,0
15,110,403,0
27,101,688,1
9,109,147,1
8,102,996,0
30,101,53,1
3,106,911,0
6,101,377,0
10,106,760,0
22,110,675,0
7,105,934,1
24,105,136,1
25,109,737,0
22,104,939,0
3,110,324,1
13,104,378,1
21,108,778,1
6,101,522,0
20,110,178,0
7,106,170,0
28,105,291,0
28,106,781,1
1,111,432,0
4,105,413,0
1,111,59,0
3,103,207,0
3,103,766,0
7,103,884,1
4,105,188,0
24,101,145,0
6,108,343,0
4,107,385,1
6,102,645,1
5,109,417,0
3,103,75,0
1,108,150,0
5,105,742,1
7,105,124,0
1,110,497,1
22,101,250,0
7,108,104,1
17,104,882,0
18,101,532,1
23,101,875,1
1,106,131,0
17,104,876,1
29,108,929,0
5,111,694,1
25,101,510,1
6,104,233,1
19,105,156,0
7,110,710,1
28,110,855,0
7,109,170,1
3,106,464,1
1,106,740,1
6,103,874,1
4,109,166,0
15,103,21,1
1,105,48,0
22,102,670,0
1,110,927,1
5,107,513,0
1,103,804,0
28,105,141,1
4,111,426,1
1,108,964,1
7,101,310,0
23,102,246,0
2,109,64,0
8,107,16,1
12,105,191,1
9,104,719,0
17,108,653,1
9,108,249,0
10,111,459,0
6,108,375,0
5,102,696,1
30,106,842,1
3,103,219,0
28,110,791,0
7,104,737,1
12,110,257,0
30,108,881,0
10,106,712,0
3,102,76,0
5,101,147,1
6,101,444,1
11,111,368,1
4,102,7,0
28,105,344,0
29,110,912,0
27,106,795,1
17,111,13,1
11,106,81,1
5,105,515,1
1,104,550,1
20,102,781,0
27,102,452,0
10,106,728,1
16,102,166,1
6,105,223,0
6,101,664,0
13,107,832,1
18,101,748,0
7,106,111,1
10,101,496,0
13,109,120,1
1,111,848,0
10,104,16,1
18,107,141,1
4,105,726,0
5,103,363,1
9,107,513,1
1,102,730,1
12,103,536,1
6,108,532,1
5,111,891,1
1,106,507,1
7,102,433,0
5,104,547,0
4,108,25,0
4,104,535,0
8,104,632,0
12,107,553,1
7,111,645,1
23,102,623,0
13,105,500,0
7,103,161,0
17,103,641,1
27,103,122,1
28,107,133,0
18,104,807,0
27,102,456,0
8,109,150,1
7,109,572,1
2,102,510,0
11,102,394,1
16,107,905,0
7,107,425,0
8,111,796,0
5,110,681,1
5,101,756,0
2,108,970,0
6,107,866,0
20,107,770,0
14,106,29,1
4,110,256,1
2,111,712,0
1,110,898,1
5,107,331,1
25,106,131,1
10,103,515,1
22,103,184,1
10,105,906,0
4,101,1000,0
15,111,626,0
1,101,888,1
5,107,618,0
6,103,234,0
9,104,656,0
28,111,48,0
5,105,223,0
15,110,7,1
13,105,395,1
6,106,535,1
5,106,852,0
15,107,328,0
8,106,901,0
4,105,330,0
3,105,544,1
5,108,542,0
30,105,654,0
1,109,740,1
21,110,869,0
6,106,291,0
5,102,305,0
9,101,999,1
1,109,561,0
1,106,985,1
9,106,63,1
1,102,483,1
18,103,641,1
18,105,725,0
7,106,150,1
2,101,362,0
2,102,322,1
3,101,591,0
3,102,824,1
1,101,382,0
2,111,302,1
21,106,176,1
8,108,982,1
7,106,589,1
6,110,337,0
15,103,957,0
1,101,420,0
12,102,873,0
9,110,569,1
21,103,244,1
6,107,431,1
16,111,981,1
8,110,12,0
22,103,225,1
19,104,668,0
1,107,137,0
22,107,407,0
10,106,560,1
10,111,431,0
5,106,966,1
3,108,592,1
13,107,518,0
13,103,493,1
4,107,893,1
7,101,830,1
27,106,311,0
5,104,835,0
28,102,809,0
29,111,586,1
30,104,705,0
13,107,228,1
7,110,693,0
14,104,284,0
9,106,70,0
1,105,55,0
1,103,892,0
23,104,198,0
5,101,560,1
5,111,702,0
17,110,656,1
6,103,912,1
27,102,134,1
4,109,90,0
29,106,732,0
9,103,539,1
4,106,48,1
17,106,828,1
5,109,196,0
8,107,902,0
11,108,620,1
23,102,537,0
5,107,371,1
6,105,776,1
5,111,977,1
25,106,511,0
15,105,294,0
21,106,28,0
10,106,453,0
20,110,171,0
2,105,263,1
18,103,771,1
1,102,812,0
25,111,143,0
21,103,949,0
1,105,616,0
25,110,301,1
3,101,243,1
4,107,158,1
1,107,216,0
5,109,541,0
27,101,334,1
16,102,20,0
9,105,617,0
19,104,25,1
5,108,103,1
5,103,413,0
19,109,418,0
10,103,832,1
4,108,666,1
18,101,401,1
7,103,785,0
3,101,754,0
13,106,980,1
21,102,251,0
13,109,128,0
10,107,427,1
13,107,621,0
27,111,607,0
2,104,496,1
5,104,811,0
7,110,937,0
2,109,82,0
2,111,600,0
8,111,316,0
14,104,279,0
7,108,41,1
16,101,7,1
1,102,132,0
8,109,756,0
7,105,797,0
5,108,887,1
10,102,13,1
23,107,147,1
8,104,709,0
2,107,5,0
5,108,210,0
13,108,637,0
3,105,280,0
22,103,61,0
19,104,605,0
3,107,107,0
28,106,305,1
4,111,313,0
1,111,126,1
17,102,526,1
8,108,473,0
6,111,192,0
24,111,644,0
29,106,236,0
22,109,100,0
11,103,748,1
2,103,387,1
7,105,12,1
15,104,333,1
4,105,215,1
2,103,280,0
24,108,204,1
5,106,110,0
25,101,714,0
1,106,607,1
4,106,698,0
28,107,974,1
7,104,592,1
10,103,897,1
17,103,821,0
1,104,644,1
7,107,37,0
2,107,539,0
10,101,29,0
11,102,194,0
8,105,289,0
10,110,171,1
6,104,462,0
11,102,287,1
1,104,614,1
24,110,188,0
13,101,29,1
3,101,54,0
2,101,580,1
15,108,31,0
13,109,233,0
14,110,987,0
7,105,829,0
10,105,264,0
17,108,895,1
9,108,900,1
8,106,918,1
19,106,775,0
1,105,442,1
1,110,763,0
22,102,124,0
1,103,371,1
10,103,290,0
1,107,238,0
22,107,642,1
13,101,772,1
25,103,470,1
23,109,844,0
28,107,334,1
8,104,105,0
11,106,106,1
6,108,984,0
1,107,631,1
27,105,427,1
27,107,574,1
28,102,79,0
20,111,633,0
5,103,899,1
22,104,318,0
3,101,798,0
16,102,701,1
4,111,770,1
4,103,893,0
4,111,199,1
23,107,594,0
5,111,430,0
1,103,296,0
22,110,556,1
20,108,89,1
6,106,338,1
10,105,53,0
7,102,913,0
4,111,562,0
24,110,801,1
28,102,650,1
7,111,243,1
4,106,413,0
23,107,754,1
4,104,577,0
2,103,855,0
8,105,264,1
6,103,323,1
5,107,988,1
8,102,734,0
28,102,666,0
22,104,778,0
1,106,311,0
10,104,723,1
10,110,896,0
7,103,505,1
4,111,468,1
8,101,111,1
2,111,880,0
14,109,562,0
23,101,582,0
2,110,493,1
22,106,677,1
1,106,235,1
1,103,954,0
1,104,620,0
10,101,131,0
7,109,978,1
10,107,728,1
18,106,234,1
6,105,143,0
6,101,684,0
13,101,933,1
2,102,431,0
17,110,648,1
18,103,472,1
16,104,375,0
17,106,5,0
22,109,77,1
10,104,182,0
13,101,672,0
4,110,746,1
7,108,564,0
7,101,792,0
5,111,309,0
9,111,674,1
22,105,519,1
6,105,886,0
29,102,104,0
6,107,650,0
1,108,708,0
23,105,54,0
13,104,578,1
4,110,81,1
18,104,656,1
10,110,8,0
6,102,338,1
13,102,7,0
7,103,786,1
3,106,426,1
13,111,992,0
17,106,863,0
1,102,445,1
8,101,390,0
4,108,292,0
1,101,532,0
3,108,642,1
6,109,465,0
1,104,160,0
1,104,565,1
10,101,377,1
29,105,89,0
11,105,191,1
5,102,23,0
13,103,448,0
8,105,528,0
1,105,332,0
4,102,57,0
5,101,838,0
10,107,542,0
1,103,840,1
21,109,590,1
8,111,798,0
6,109,287,0
23,110,524,1
2,101,277,1
5,102,455,1
1,103,940,1
4,105,272,1
5,110,242,1
8,109,254,1
9,102,689,0
6,106,870,0
2,106,111,1
7,105,890,0
9,103,990,1
29,108,717,0
5,104,603,0
25,106,98,0
4,109,778,0
3,110,783,1
6,109,880,0
6,101,594,1
8,110,793,1
8,105,963,1
9,106,83,1
13,108,963,1
24,107,96,1
17,108,608,0
3,102,634,0
1,104,973,0
21,104,592,0
15,104,542,1
8,106,608,0
2,111,184,1
10,103,748,1
6,107,919,0
1,111,381,1
23,104,579,1
3,109,122,0
1,111,882,1
17,106,958,0
2,102,53,1
8,101,959,1
7,102,468,0
13,104,161,0
9,107,743,0
29,103,98,0
10,109,920,1
24,109,48,0
1,107,629,0
15,108,402,0
11,107,417,0
18,105,605,1
3,111,158,1
27,107,511,0
2,104,179,0
1,102,6,0
1,102,540,1
19,101,499,0
23,103,131,1
20,102,185,1
19,103,148,0
10,101,559,0
24,102,265,0
5,110,168,1
9,108,789,0
1,108,457,0
10,105,486,0
6,102,840,1
6,102,417,1
10,106,273,1
26,104,278,1
8,106,616,0
2,104,180,0
18,103,496,1
17,105,155,0
25,109,950,1
4,108,401,1
1,101,893,1
4,108,697,1
27,106,783,0
24,105,737,0
14,102,467,1
24,107,901,1
27,102,63,1
14,107,704,1
3,101,699,1
5,108,206,0
5,110,358,0
8,110,947,1
23,107,575,1
4,106,983,0
1,103,423,0
23,108,443,1
11,108,929,0
19,107,475,1
16,107,411,0
25,109,371,1
6,103,773,1
10,107,715,1
26,110,335,1
2,104,377,0
1,111,539,0
25,104,843,0
24,105,86,1
7,111,152,1
21,111,41,1
8,108,278,1
11,102,596,1
1,108,813,1
3,106,350,1
8,101,57,0
12,104,658,0
9,110,876,0
21,110,363,0
6,109,643,0
21,107,971,1
23,101,658,1
25,104,758,0
1,107,180,1
5,108,10,0
25,101,869,0
26,110,478,1
5,107,186,0
9,106,86,0
2,111,931,1
6,101,635,0
10,107,658,0
15,107,106,1
1,102,111,0
18,105,431,0
4,101,495,0
8,103,380,0
3,106,890,0
4,104,40,1
28,105,865,0
1,103,927,0
23,111,904,1
3,103,567,1
29,107,965,0
3,102,454,1
3,104,811,0
19,111,361,0
24,106,899,1
1,102,887,1
11,105,880,1
2,103,120,0
12,111,898,1
2,102,432,1
7,107,528,1
22,104,68,1
3,106,510,1
8,106,698,1
1,104,847,1
2,109,176,0
2,101,135,0
22,110,113,1
9,102,226,1
10,109,175,0
6,105,706,1
7,101,823,1
15,105,693,1
5,106,857,1
1,101,204,0
7,106,233,1
25,103,593,1
6,101,360,1
7,108,711,1
15,108,775,0
21,105,214,1
23,110,694,1
25,106,736,0
28,104,485,0
8,109,592,0
18,107,427,0
1,110,70,1
27,107,894,1
7,110,945,1
2,102,291,1
3,105,521,1
1,102,975,1
16,104,15,1
28,102,972,0
12,102,479,0
15,103,656,1
5,101,286,1
15,102,770,1
10,102,408,0
1,104,164,1
8,106,928,0
2,106,27,0
22,106,640,1
9,111,187,0
17,101,867,1
8,107,537,0
2,109,379,1
11,108,73,0
4,105,79,0
4,106,566,0
3,105,950,1
10,111,140,1
1,104,340,1
19,106,412,0
1,104,713,0
13,103,667,0
25,106,411,0
2,107,116,1
1,104,904,1
21,106,632,1
1,108,480,0
7,103,674,1
4,107,50,0
12,105,834,0
22,109,803,0
5,108,406,1
11,106,761,1
1,105,899,0
17,107,719,0
5,105,499,1
6,105,783,1
17,106,206,1
10,110,181,1
1,103,280,0
18,103,219,0
23,104,436,0
18,106,697,0
8,101,419,1
5,108,633,0
10,103,59,0
25,106,156,0
15,102,549,1
10,108,664,0
3,101,897,0
13,107,144,0
7,108,518,1
3,102,325,0
6,111,448,1
10,109,146,0
1,104,163,1
1,105,948,0
1,107,823,1
5,104,822,1
19,108,420,0
9,110,6,1
15,104,871,1
22,111,949,0
19,105,709,0
5,107,446,1
2,110,158,0
14,106,273,0
21,105,225,0
6,105,604,1
18,107,757,0
8,102,839,0
4,103,76,1
1,103,455,0
1,109,959,1
1,101,238,1
21,106,253,1
21,105,956,1
9,104,845,1
1,102,927,0
4,104,69,1
4,111,475,1
21,105,32,1
8,107,43,1
22,107,816,0
7,103,791,1
4,105,627,1
23,108,43,0
7,111,954,1
1,110,143,0
28,106,425,1
1,111,120,0
29,107,573,0
5,105,921,0
7,104,544,1
14,102,35,0
22,110,840,0
3,101,118,1
3,102,252,0
1,102,811,0
18,111,804,0
4,104,849,0
3,101,507,0
5,103,640,0
5,110,913,1
14,104,249,0
8,102,769,0
4,106,543,1
1,105,859,1
12,105,741,0
12,102,247,0
5,101,181,0
3,102,654,0
13,111,879,1
23,110,212,1
3,105,336,0
17,101,607,1
2,104,635,0
16,105,793,1
13,108,241,1
28,111,854,0
7,106,388,0
5,103,387,1
6,105,602,0
8,101,143,0
4,105,239,1
25,105,198,1
28,108,170,1
1,105,926,0
24,102,913,1
6,106,321,0
28,103,569,0
29,101,490,1
2,105,965,1
10,101,100,1
8,102,723,0
16,101,840,1
2,103,34,0
2,101,541,1
1,107,705,0
5,102,965,0
9,106,498,0
1,107,274,1
6,106,301,1
18,107,746,0
1,106,541,1
1,102,464,0
29,103,100,0
2,108,100,0
1,102,750,0
1,107,24,1
7,102,405,0
3,102,723,0
1,101,485,1
11,107,805,1
28,106,325,1
25,106,234,1
1,103,670,0
11,110,553,1
21,108,206,0
6,105,570,1
16,105,146,1
5,106,497,1
16,109,272,0
15,106,178,0
5,110,129,0
14,111,701,1
16,105,572,0
16,104,678,1
8,102,924,1
4,104,197,1
3,101,540,0
18,107,566,0
1,104,467,0
4,104,985,1
11,104,249,0
2,110,339,0
6,109,927,1
9,111,863,1
14,104,609,1
15,102,36,1
18,101,486,0
7,103,362,1
9,102,489,1
1,111,791,0
27,110,475,1
2,109,537,1
6,106,84,0
3,106,746,0
10,103,545,0
22,110,838,0
6,108,980,0
29,102,18,0
7,110,106,1
28,106,274,0
8,110,231,0
29,105,506,0
29,103,1,1
22,103,101,0
17,110,519,0
8,110,499,0
22,102,81,0
6,102,339,0
3,108,930,1
10,108,624,1
7,106,729,0
7,106,760,1
1,101,598,1
2,107,408,1
30,105,579,1
6,106,121,0
20,104,318,0
14,107,115,0
1,106,599,0
2,111,321,0
1,111,240,0
8,106,830,0
20,105,848,0
8,104,754,1
17,101,50,0
8,104,250,0
3,104,268,0
8,110,6,1
8,106,670,1
1,107,419,1
8,110,215,1
3,101,342,1
8,105,913,1
8,111,573,1
1,111,186,1
7,101,769,1
18,101,635,1
13,103,5,1
7,105,152,0
7,103,3,1
29,111,742,0
3,105,330,1
24,105,384,1
16,103,491,0
8,106,903,1
4,105,160,0
18,103,511,1
18,101,207,1
14,105,743,1
23,102,402,0
22,105,576,1
23,109,343,1
21,106,574,0
2,104,912,1
20,111,404,0
7,101,280,0
17,102,22,0
2,105,666,0
9,104,110,0
15,111,516,1
8,106,337,0
2,103,729,0
4,101,146,1
3,108,602,0
13,102,735,1
15,103,830,1
17,103,904,0
1,107,270,0
4,109,203,1
23,107,116,0
6,106,283,0
1,107,477,0
23,110,985,0
8,105,202,1
4,110,907,1
13,111,145,0
1,102,448,0
27,103,718,0
2,107,34,1
1,105,837,0
2,111,551,0
7,104,897,1
1,107,219,0
9,105,692,1
21,108,206,1
26,111,452,1
28,104,202,0
8,111,340,0
8,107,307,1
24,104,508,1
17,106,955,1
27,107,684,0
10,102,98,0
7,101,112,0
15,102,910,1
5,103,761,1
26,102,5,0
15,109,492,1
10,101,304,0
12,111,316,0
21,109,800,1
14,110,251,1
8,104,333,0
1,104,427,0
25,108,627,1
10,105,504,0
17,103,477,0
8,104,830,1
3,107,52,1
5,105,87,1
7,108,982,0
23,104,578,1
6,105,305,1
7,106,741,1
30,104,938,1
22,101,294,1
6,110,146,1
2,106,648,0
2,110,62,1
6,102,764,0
4,108,332,0
10,105,785,0
16,104,65,0
1,104,158,0
10,105,915,1
9,108,83,1
2,104,391,1
22,107,352,0
1,108,904,1
8,102,529,1
19,110,46,1
6,103,475,0
16,106,37,0
22,108,221,1
13,106,822,0
1,103,513,0
9,110,144,0
10,103,21,0
6,110,736,1
2,102,983,1
30,111,267,1
23,106,302,1
1,108,775,1
2,106,4,1
21,102,900,1
1,105,393,1
17,110,197,1
10,103,679,1
6,106,302,1
4,101,530,1
4,106,667,0
10,103,857,0
21,104,94,1
5,101,341,1
5,108,808,1
2,106,505,0
22,107,224,0
30,102,54,1
18,107,317,1
14,107,60,1
1,106,178,0
3,109,307,1
7,108,167,0
4,107,930,0
27,108,540,0
3,108,835,1
2,107,684,0
10,104,13,0
4,101,369,0
3,105,580,1
18,107,618,1
2,111,137,0
1,104,666,0
8,109,764,1
10,108,466,0
4,101,564,0
28,106,222,1
5,107,844,0
16,110,933,1
18,103,490,1
24,103,356,0
19,105,384,1
8,104,342,0
2,102,264,0
6,105,468,1
6,105,591,0
1,111,193,1
14,107,126,1
12,105,189,0
23,102,359,1
13,106,194,0
6,107,653,0
28,106,388,1
9,103,452,1
23,107,296,0
4,103,567,0
3,106,431,1
14,106,279,1
28,102,809,0
13,103,88,1
4,109,991,1
7,102,995,0
6,111,685,0
5,108,1000,0
24,107,922,1
2,107,130,0
18,102,651,0
1,109,248,1
2,102,8,1
13,101,747,1
8,104,277,0
1,107,759,0
2,109,270,0
11,101,72,1
1,105,654,0
28,106,37,0
11,108,519,1
22,102,371,1
3,107,330,0
18,108,10,0
1,107,198,0
5,110,777,1
1,102,224,1
14,111,831,1
4,102,221,0
2,102,182,1
